{
  "timestamp" : "2025-10-15 01:34:51",
  "javaVersion" : "17.0.16",
  "jvmArgs" : "-Xms256m -Xmx256m -XX:+UseG1GC -XX:+AlwaysPreTouch",
  "gitBranch" : "master",
  "version" : "2.0.14-SNAPSHOT",
  "operatingSystem" : "Linux 6.11.0-1018-azure",
  "architecture" : "amd64",
  "cpuCount" : 4,
  "totalMemory" : 16772579328,
  "freeMemory" : 13824835584,
  "port" : 8899,
  "clientCount" : 10,
  "eachMsgCount" : 50000,
  "eachMsgSize" : 32,
  "messagesSent" : 500000,
  "messagesReceived" : 500000,
  "bytesSent" : 16000000,
  "bytesReceived" : 23000000,
  "errors" : 0,
  "minLatency" : 4,
  "maxLatency" : 2159,
  "avgLatency" : 1500.2762753553088,
  "p50Latency" : 1655,
  "p90Latency" : 2039,
  "p99Latency" : 2127,
  "testDuration" : 2549,
  "messagesPerSecond" : 196155.3550411926,
  "bytesPerSecond" : 6276971.361318164,
  "errorRate" : 0.0,
  "messageLossRate" : 0.0,
  "heapUsed" : 117216944,
  "heapMax" : 268435456,
  "heapCommitted" : 268435456
}