{
  "timestamp" : "2025-10-15 05:19:36",
  "javaVersion" : "25",
  "jvmArgs" : "-Xms256m -Xmx256m -XX:+UseG1GC -XX:+UseCompactObjectHeaders -XX:+AlwaysPreTouch",
  "gitBranch" : "master",
  "version" : "2.0.14-SNAPSHOT",
  "operatingSystem" : "Linux 6.11.0-1018-azure",
  "architecture" : "amd64",
  "cpuCount" : 4,
  "totalMemory" : 16772579328,
  "freeMemory" : 13767372800,
  "port" : 8899,
  "clientCount" : 10,
  "eachMsgCount" : 50000,
  "eachMsgSize" : 32,
  "messagesSent" : 500000,
  "messagesReceived" : 500000,
  "bytesSent" : 16000000,
  "bytesReceived" : 23000000,
  "errors" : 0,
  "minLatency" : 4,
  "maxLatency" : 1839,
  "avgLatency" : 1295.0592039267005,
  "p50Latency" : 1423,
  "p90Latency" : 1711,
  "p99Latency" : 1783,
  "testDuration" : 2394,
  "messagesPerSecond" : 208855.47201336676,
  "bytesPerSecond" : 6683375.104427736,
  "errorRate" : 0.0,
  "messageLossRate" : 0.0,
  "heapUsed" : 244669608,
  "heapMax" : 268435456,
  "heapCommitted" : 268435456
}