{
  "timestamp" : "2025-10-12 09:12:37",
  "javaVersion" : "21.0.8",
  "jvmArgs" : "-Xms256m -Xmx256m -XX:+UseZGC -XX:+AlwaysPreTouch",
  "gitBranch" : "master",
  "version" : "2.0.14-SNAPSHOT",
  "operatingSystem" : "Linux 6.11.0-1018-azure",
  "architecture" : "amd64",
  "cpuCount" : 4,
  "totalMemory" : 16772579328,
  "freeMemory" : 13797416960,
  "port" : 8899,
  "clientCount" : 10,
  "eachMsgCount" : 20000,
  "eachMsgSize" : 128,
  "messagesSent" : 200000,
  "messagesReceived" : 200000,
  "bytesSent" : 25600000,
  "bytesReceived" : 28400000,
  "errors" : 0,
  "minLatency" : 5,
  "maxLatency" : 1719,
  "avgLatency" : 1159.0470877185755,
  "p50Latency" : 1263,
  "p90Latency" : 1511,
  "p99Latency" : 1663,
  "testDuration" : 2007,
  "messagesPerSecond" : 99651.22072745391,
  "bytesPerSecond" : 1.27553562531141E7,
  "errorRate" : 0.0,
  "messageLossRate" : 0.0,
  "heapUsed" : 123731968,
  "heapMax" : 268435456,
  "heapCommitted" : 268435456
}