{
  "timestamp" : "2025-10-14 11:43:04",
  "javaVersion" : "17.0.16",
  "jvmArgs" : "-Xms256m -Xmx256m -XX:+UseZGC -XX:+AlwaysPreTouch",
  "gitBranch" : "master",
  "version" : "2.0.14-SNAPSHOT",
  "operatingSystem" : "Linux 6.11.0-1018-azure",
  "architecture" : "amd64",
  "cpuCount" : 4,
  "totalMemory" : 16772579328,
  "freeMemory" : 13804638208,
  "port" : 8899,
  "clientCount" : 10,
  "eachMsgCount" : 20000,
  "eachMsgSize" : 128,
  "messagesSent" : 200000,
  "messagesReceived" : 200000,
  "bytesSent" : 25600000,
  "bytesReceived" : 28400000,
  "errors" : 0,
  "minLatency" : 6,
  "maxLatency" : 1607,
  "avgLatency" : 1095.4634472854102,
  "p50Latency" : 1223,
  "p90Latency" : 1391,
  "p99Latency" : 1479,
  "testDuration" : 2087,
  "messagesPerSecond" : 95831.33684714902,
  "bytesPerSecond" : 1.2266411116435075E7,
  "errorRate" : 0.0,
  "messageLossRate" : 0.0,
  "heapUsed" : 83886080,
  "heapMax" : 268435456,
  "heapCommitted" : 268435456
}