{
  "timestamp" : "2025-10-13 01:34:56",
  "javaVersion" : "21.0.8",
  "jvmArgs" : "-Xms256m -Xmx256m -XX:+UseZGC -XX:+AlwaysPreTouch",
  "gitBranch" : "master",
  "version" : "2.0.14-SNAPSHOT",
  "operatingSystem" : "Linux 6.11.0-1018-azure",
  "architecture" : "amd64",
  "cpuCount" : 4,
  "totalMemory" : 16772579328,
  "freeMemory" : 13773099008,
  "port" : 8899,
  "clientCount" : 10,
  "eachMsgCount" : 20000,
  "eachMsgSize" : 128,
  "messagesSent" : 200000,
  "messagesReceived" : 200000,
  "bytesSent" : 25600000,
  "bytesReceived" : 28400000,
  "errors" : 0,
  "minLatency" : 7,
  "maxLatency" : 1551,
  "avgLatency" : 1011.627835755488,
  "p50Latency" : 1135,
  "p90Latency" : 1447,
  "p99Latency" : 1463,
  "testDuration" : 1978,
  "messagesPerSecond" : 101112.23458038423,
  "bytesPerSecond" : 1.2942366026289182E7,
  "errorRate" : 0.0,
  "messageLossRate" : 0.0,
  "heapUsed" : 85983232,
  "heapMax" : 268435456,
  "heapCommitted" : 268435456
}