{
  "timestamp" : "2025-10-15 00:02:00",
  "javaVersion" : "11.0.28",
  "jvmArgs" : "-Xms256m -Xmx256m -XX:+UseG1GC -XX:+AlwaysPreTouch",
  "gitBranch" : "master",
  "version" : "2.0.14-SNAPSHOT",
  "operatingSystem" : "Linux 6.11.0-1018-azure",
  "architecture" : "amd64",
  "cpuCount" : 4,
  "totalMemory" : 16772579328,
  "freeMemory" : 13839970304,
  "port" : 8899,
  "clientCount" : 10,
  "eachMsgCount" : 50000,
  "eachMsgSize" : 32,
  "messagesSent" : 500000,
  "messagesReceived" : 500000,
  "bytesSent" : 16000000,
  "bytesReceived" : 23000000,
  "errors" : 0,
  "minLatency" : 14,
  "maxLatency" : 2255,
  "avgLatency" : 1479.0590521245201,
  "p50Latency" : 1663,
  "p90Latency" : 2007,
  "p99Latency" : 2207,
  "testDuration" : 2662,
  "messagesPerSecond" : 187828.70022539445,
  "bytesPerSecond" : 6010518.407212622,
  "errorRate" : 0.0,
  "messageLossRate" : 0.0,
  "heapUsed" : 184729800,
  "heapMax" : 268435456,
  "heapCommitted" : 268435456
}