{
  "timestamp" : "2025-10-14 12:25:57",
  "javaVersion" : "17.0.16",
  "jvmArgs" : "-Xms256m -Xmx256m -XX:+UseZGC -XX:+AlwaysPreTouch",
  "gitBranch" : "master",
  "version" : "2.0.14-SNAPSHOT",
  "operatingSystem" : "Linux 6.11.0-1018-azure",
  "architecture" : "amd64",
  "cpuCount" : 4,
  "totalMemory" : 16772579328,
  "freeMemory" : 13798617088,
  "port" : 8899,
  "clientCount" : 10,
  "eachMsgCount" : 50000,
  "eachMsgSize" : 32,
  "messagesSent" : 500000,
  "messagesReceived" : 500000,
  "bytesSent" : 16000000,
  "bytesReceived" : 23000000,
  "errors" : 0,
  "minLatency" : 8,
  "maxLatency" : 5631,
  "avgLatency" : 3927.091378983791,
  "p50Latency" : 4543,
  "p90Latency" : 5471,
  "p99Latency" : 5535,
  "testDuration" : 6041,
  "messagesPerSecond" : 82767.75368316504,
  "bytesPerSecond" : 2648568.117861281,
  "errorRate" : 0.0,
  "messageLossRate" : 0.0,
  "heapUsed" : 90177536,
  "heapMax" : 268435456,
  "heapCommitted" : 268435456
}