{
  "timestamp" : "2025-10-13 01:32:37",
  "javaVersion" : "17.0.16",
  "jvmArgs" : "-Xms256m -Xmx256m -XX:+UseZGC -XX:+AlwaysPreTouch",
  "gitBranch" : "master",
  "version" : "2.0.14-SNAPSHOT",
  "operatingSystem" : "Linux 6.11.0-1018-azure",
  "architecture" : "amd64",
  "cpuCount" : 4,
  "totalMemory" : 16772579328,
  "freeMemory" : 9362825216,
  "port" : 8899,
  "clientCount" : 10,
  "eachMsgCount" : 20000,
  "eachMsgSize" : 128,
  "messagesSent" : 200000,
  "messagesReceived" : 200000,
  "bytesSent" : 25600000,
  "bytesReceived" : 28400000,
  "errors" : 0,
  "minLatency" : 7,
  "maxLatency" : 1447,
  "avgLatency" : 950.5790895218718,
  "p50Latency" : 1031,
  "p90Latency" : 1247,
  "p99Latency" : 1367,
  "testDuration" : 2039,
  "messagesPerSecond" : 98087.2976949485,
  "bytesPerSecond" : 1.2555174104953408E7,
  "errorRate" : 0.0,
  "messageLossRate" : 0.0,
  "heapUsed" : 88080384,
  "heapMax" : 268435456,
  "heapCommitted" : 268435456
}