{
  "timestamp" : "2025-10-14 11:30:19",
  "javaVersion" : "17.0.16",
  "jvmArgs" : "-Xms256m -Xmx256m -XX:+UseZGC -XX:+AlwaysPreTouch",
  "gitBranch" : "master",
  "version" : "2.0.14-SNAPSHOT",
  "operatingSystem" : "Linux 6.11.0-1018-azure",
  "architecture" : "amd64",
  "cpuCount" : 4,
  "totalMemory" : 16772575232,
  "freeMemory" : 13811535872,
  "port" : 8899,
  "clientCount" : 10,
  "eachMsgCount" : 20000,
  "eachMsgSize" : 128,
  "messagesSent" : 200000,
  "messagesReceived" : 200000,
  "bytesSent" : 25600000,
  "bytesReceived" : 28400000,
  "errors" : 0,
  "minLatency" : 8,
  "maxLatency" : 1663,
  "avgLatency" : 1077.4955309809304,
  "p50Latency" : 1159,
  "p90Latency" : 1423,
  "p99Latency" : 1583,
  "testDuration" : 2131,
  "messagesPerSecond" : 93852.65133740028,
  "bytesPerSecond" : 1.2013139371187236E7,
  "errorRate" : 0.0,
  "messageLossRate" : 0.0,
  "heapUsed" : 98566144,
  "heapMax" : 268435456,
  "heapCommitted" : 268435456
}