{
  "timestamp" : "2025-10-15 02:32:46",
  "javaVersion" : "21.0.8",
  "jvmArgs" : "-Xms256m -Xmx256m -XX:+UseG1GC -XX:+AlwaysPreTouch",
  "gitBranch" : "master",
  "version" : "2.0.14-SNAPSHOT",
  "operatingSystem" : "Linux 6.11.0-1018-azure",
  "architecture" : "amd64",
  "cpuCount" : 4,
  "totalMemory" : 16772579328,
  "freeMemory" : 13823795200,
  "port" : 8899,
  "clientCount" : 10,
  "eachMsgCount" : 50000,
  "eachMsgSize" : 32,
  "messagesSent" : 500000,
  "messagesReceived" : 500000,
  "bytesSent" : 16000000,
  "bytesReceived" : 23000000,
  "errors" : 0,
  "minLatency" : 6,
  "maxLatency" : 1903,
  "avgLatency" : 1344.5863389929552,
  "p50Latency" : 1431,
  "p90Latency" : 1783,
  "p99Latency" : 1863,
  "testDuration" : 2398,
  "messagesPerSecond" : 208507.0892410342,
  "bytesPerSecond" : 6672226.855713095,
  "errorRate" : 0.0,
  "messageLossRate" : 0.0,
  "heapUsed" : 111459792,
  "heapMax" : 268435456,
  "heapCommitted" : 268435456
}