{
  "timestamp" : "2025-10-14 12:18:27",
  "javaVersion" : "11.0.28",
  "jvmArgs" : "-Xms256m -Xmx256m -XX:+UseG1GC -XX:+AlwaysPreTouch",
  "gitBranch" : "master",
  "version" : "2.0.14-SNAPSHOT",
  "operatingSystem" : "Linux 6.11.0-1018-azure",
  "architecture" : "amd64",
  "cpuCount" : 4,
  "totalMemory" : 16772579328,
  "freeMemory" : 9394790400,
  "port" : 8899,
  "clientCount" : 10,
  "eachMsgCount" : 50000,
  "eachMsgSize" : 32,
  "messagesSent" : 500000,
  "messagesReceived" : 500000,
  "bytesSent" : 16000000,
  "bytesReceived" : 23000000,
  "errors" : 0,
  "minLatency" : 17,
  "maxLatency" : 2143,
  "avgLatency" : 1434.7108110511956,
  "p50Latency" : 1583,
  "p90Latency" : 1975,
  "p99Latency" : 2079,
  "testDuration" : 2568,
  "messagesPerSecond" : 194704.04984423675,
  "bytesPerSecond" : 6230529.595015576,
  "errorRate" : 0.0,
  "messageLossRate" : 0.0,
  "heapUsed" : 161252184,
  "heapMax" : 268435456,
  "heapCommitted" : 268435456
}