{
  "timestamp" : "2025-10-14 11:56:44",
  "javaVersion" : "11.0.28",
  "jvmArgs" : "-Xms256m -Xmx256m -XX:+UseG1GC -XX:+AlwaysPreTouch",
  "gitBranch" : "master",
  "version" : "2.0.14-SNAPSHOT",
  "operatingSystem" : "Linux 6.11.0-1018-azure",
  "architecture" : "amd64",
  "cpuCount" : 4,
  "totalMemory" : 16772579328,
  "freeMemory" : 13851873280,
  "port" : 8899,
  "clientCount" : 10,
  "eachMsgCount" : 20000,
  "eachMsgSize" : 128,
  "messagesSent" : 200000,
  "messagesReceived" : 200000,
  "bytesSent" : 25600000,
  "bytesReceived" : 28400000,
  "errors" : 0,
  "minLatency" : 14,
  "maxLatency" : 1255,
  "avgLatency" : 776.5162799276561,
  "p50Latency" : 803,
  "p90Latency" : 1063,
  "p99Latency" : 1159,
  "testDuration" : 1538,
  "messagesPerSecond" : 130039.01170351106,
  "bytesPerSecond" : 1.6644993498049416E7,
  "errorRate" : 0.0,
  "messageLossRate" : 0.0,
  "heapUsed" : 92282704,
  "heapMax" : 268435456,
  "heapCommitted" : 268435456
}