{
  "timestamp" : "2025-10-14 12:31:53",
  "javaVersion" : "25",
  "jvmArgs" : "-Xms256m -Xmx256m -XX:+UseZGC -XX:+AlwaysPreTouch",
  "gitBranch" : "master",
  "version" : "2.0.14-SNAPSHOT",
  "operatingSystem" : "Linux 6.11.0-1018-azure",
  "architecture" : "amd64",
  "cpuCount" : 4,
  "totalMemory" : 16772575232,
  "freeMemory" : 13726691328,
  "port" : 8899,
  "clientCount" : 10,
  "eachMsgCount" : 50000,
  "eachMsgSize" : 32,
  "messagesSent" : 500000,
  "messagesReceived" : 500000,
  "bytesSent" : 16000000,
  "bytesReceived" : 23000000,
  "errors" : 0,
  "minLatency" : 6,
  "maxLatency" : 5055,
  "avgLatency" : 3470.396014144018,
  "p50Latency" : 3679,
  "p90Latency" : 4863,
  "p99Latency" : 4991,
  "testDuration" : 5540,
  "messagesPerSecond" : 90252.70758122744,
  "bytesPerSecond" : 2888086.642599278,
  "errorRate" : 0.0,
  "messageLossRate" : 0.0,
  "heapUsed" : 167772160,
  "heapMax" : 268435456,
  "heapCommitted" : 268435456
}