{
  "timestamp" : "2025-10-15 03:16:58",
  "javaVersion" : "25",
  "jvmArgs" : "-Xms256m -Xmx256m -XX:+UseG1GC -XX:+AlwaysPreTouch",
  "gitBranch" : "master",
  "version" : "2.0.14-SNAPSHOT",
  "operatingSystem" : "Linux 6.11.0-1018-azure",
  "architecture" : "amd64",
  "cpuCount" : 4,
  "totalMemory" : 16772575232,
  "freeMemory" : 13804204032,
  "port" : 8899,
  "clientCount" : 10,
  "eachMsgCount" : 50000,
  "eachMsgSize" : 32,
  "messagesSent" : 500000,
  "messagesReceived" : 500000,
  "bytesSent" : 16000000,
  "bytesReceived" : 23000000,
  "errors" : 0,
  "minLatency" : 15,
  "maxLatency" : 1807,
  "avgLatency" : 1161.821334376898,
  "p50Latency" : 1271,
  "p90Latency" : 1647,
  "p99Latency" : 1759,
  "testDuration" : 2255,
  "messagesPerSecond" : 221729.49002217295,
  "bytesPerSecond" : 7095343.680709534,
  "errorRate" : 0.0,
  "messageLossRate" : 0.0,
  "heapUsed" : 165379240,
  "heapMax" : 268435456,
  "heapCommitted" : 268435456
}