{
  "timestamp" : "2025-10-14 12:28:57",
  "javaVersion" : "21.0.8",
  "jvmArgs" : "-Xms256m -Xmx256m -XX:+UseZGC -XX:+AlwaysPreTouch",
  "gitBranch" : "master",
  "version" : "2.0.14-SNAPSHOT",
  "operatingSystem" : "Linux 6.11.0-1018-azure",
  "architecture" : "amd64",
  "cpuCount" : 4,
  "totalMemory" : 16772579328,
  "freeMemory" : 13776740352,
  "port" : 8899,
  "clientCount" : 10,
  "eachMsgCount" : 50000,
  "eachMsgSize" : 32,
  "messagesSent" : 500000,
  "messagesReceived" : 500000,
  "bytesSent" : 16000000,
  "bytesReceived" : 23000000,
  "errors" : 0,
  "minLatency" : 8,
  "maxLatency" : 6335,
  "avgLatency" : 4112.496514923588,
  "p50Latency" : 4095,
  "p90Latency" : 6015,
  "p99Latency" : 6239,
  "testDuration" : 6825,
  "messagesPerSecond" : 73260.07326007326,
  "bytesPerSecond" : 2344322.3443223443,
  "errorRate" : 0.0,
  "messageLossRate" : 0.0,
  "heapUsed" : 249561088,
  "heapMax" : 268435456,
  "heapCommitted" : 268435456
}