{
  "timestamp" : "2025-10-12 09:10:22",
  "javaVersion" : "17.0.16",
  "jvmArgs" : "-Xms256m -Xmx256m -XX:+UseZGC -XX:+AlwaysPreTouch",
  "gitBranch" : "master",
  "version" : "2.0.14-SNAPSHOT",
  "operatingSystem" : "Linux 6.11.0-1018-azure",
  "architecture" : "amd64",
  "cpuCount" : 4,
  "totalMemory" : 16771538944,
  "freeMemory" : 13712093184,
  "port" : 8899,
  "clientCount" : 10,
  "eachMsgCount" : 20000,
  "eachMsgSize" : 128,
  "messagesSent" : 200000,
  "messagesReceived" : 200000,
  "bytesSent" : 25600000,
  "bytesReceived" : 28400000,
  "errors" : 0,
  "minLatency" : 20,
  "maxLatency" : 1647,
  "avgLatency" : 1142.7677946383926,
  "p50Latency" : 1255,
  "p90Latency" : 1495,
  "p99Latency" : 1615,
  "testDuration" : 2216,
  "messagesPerSecond" : 90252.70758122744,
  "bytesPerSecond" : 1.1552346570397113E7,
  "errorRate" : 0.0,
  "messageLossRate" : 0.0,
  "heapUsed" : 182452224,
  "heapMax" : 268435456,
  "heapCommitted" : 268435456
}